Codon,Frequency per thousand,Number
TTT,35.8,507
TTC,14.19,201
TTA,26.13,370
TTG,17.8,252
TCT,22.17,314
TCC,5.08,72
TCA,18.78,266
TCG,1.2,17
TAT,27.26,386
TAC,18.15,257
TAA,0.71,10
TAG,0.07,1
TGT,24.15,342
TGC,6.5,92
TGA,0.07,1
TGG,11.09,157
CTT,28.25,400
CTC,9.25,131
CTA,10.38,147
CTG,4.59,65
CCT,19.56,277
CCC,2.82,40
CCA,15.54,220
CCG,1.48,21
CAT,12.99,184
CAC,5.65,80
CAA,24.79,351
CAG,11.65,165
CGT,8.40,119
CGC,3.25,46
CGA,1.69,24
CGG,0.99,14
ATT,26.13,370
ATC,9.39,133
ATA,15.89,225
ATG,22.03,312
ACT,33.75,478
ACC,7.13,101
ACA,30.79,436
ACG,3.39,48
AAT,36.72,520
AAC,17.3,245
AAA,38.2,541
AAG,20.97,297
AGT,16.52,234
AGC,3.67,52
AGA,14.9,211
AGG,4.73,67
GTT,40.6,575
GTC,10.8,153
GTA,18.01,255
GTG,11.93,169
GCT,37,524
GCC,10.03,142
GCA,18.57,263
GCG,2.68,38
GAT,32.48,460
GAC,18.5,262
GAA,34.96,495
GAG,13.13,186
GGT,35.94,509
GGC,10.24,145
GGA,11.51,163
GGG,1.62,23